row_id,status,decision_id,risk_probability,decision,chain_index,previous_hash,audit_hash,tenant_id,error,segment
1,ok,8ce48112-ce19-468a-9d5f-eaf5e6b8436b,0.849375,DECLINE,0,,b2684178a93ed709615a5923892b250c9b16ff76df096d5ab6aef08addf01207,default,,A
2,ok,b674064b-6243-4871-8525-612932304981,0.455000,REVIEW,1,b2684178a93ed709615a5923892b250c9b16ff76df096d5ab6aef08addf01207,c87cf612511f2e54087f6d1f76cf0d88b39595f24b18849ca6a17835f8070d61,default,,B
